channel_id,title,canonical_channel_url,subscriber_count,video_count,view_count,category,country,channel_image,channel_url
UCX6OQ3DkcsbYNE6H8uQQuVA,MrBeast,http://www.youtube.com/@MrBeast,317000000,816,59274164746,People & Blogs,United States,https://yt3.googleusercontent.com/fxGKYucJAVme-Yz4fsdCroCFCrANWqw0ql4GYuvx8Uq4l_euNJHgE-w9MTkLQA805vWCi-kE0g=s900-c-k-c0x00ffffff-no-rj,https://www.ytrank.com/channel/mrbeast-UCX6OQ3DkcsbYNE6H8uQQuVA
UCq-Fj5jknLsUf-MWSy4_brA,T-Series,http://www.youtube.com/@tseries,274000000,21728,267112024995,Music,India,https://yt3.googleusercontent.com/XE7Iq8jvJ07ptMc-HxZR_V-2XgXCb0i06i4E_dypl7xSR655WXaQeglfqNuEeuwH3oM9RKVodQ=s900-c-k-c0x00ffffff-no-rj,https://www.ytrank.com/channel/t-series-UCq-Fj5jknLsUf-MWSy4_brA
UCbCmjCuTUZos6Inko4u57UQ,Cocomelon - Nursery Rhymes,http://www.youtube.com/@CoComelon,183000000,1274,188549400040,People & Blogs,United States,https://yt3.googleusercontent.com/ytc/AIdro_m_9r5XDMjVGrjdZm4A0qHb8D6FH8rehXDbaM9rlDeaNz0=s900-c-k-c0x00ffffff-no-rj,https://www.ytrank.com/channel/cocomelon-nursery-rhymes-UCbCmjCuTUZos6Inko4u57UQ
UCpEhnqL0y41EpW2TvWAHD7Q,SET India,http://www.youtube.com/@SETIndia,177000000,144910,169873464161,People & Blogs,India,https://yt3.googleusercontent.com/eu051krrRNQMMi5h6ynfnvhFJzxzSKulJQ42g5v72MQ9Bvv8KdpNIa6yM-0iGpnDgSF0itAD=s900-c-k-c0x00ffffff-no-rj,https://www.ytrank.com/channel/set-india-UCpEhnqL0y41EpW2TvWAHD7Q
UCk8GzjMOrta8yxDcKfylJYw,✿ Kids Diana Show,http://www.youtube.com/@KidsDianaShow,125000000,1254,105988754856,Kids & Family,United States,https://yt3.googleusercontent.com/ytc/AIdro_nXPizlWeJZGOjnuokCFpcn1T38xLKSJnqSt14HfDtR1r0=s900-c-k-c0x00ffffff-no-rj,https://www.ytrank.com/channel/kids-diana-show-UCk8GzjMOrta8yxDcKfylJYw
UCvlE5gTbOvjiolFlEm-c_Ow,Vlad and Niki,http://www.youtube.com/@VladandNiki,124000000,763,95341744464,Kids & Family,United States,https://yt3.googleusercontent.com/RlnpUc0SBCmYvseTqUqAfYeyHw0nHcmqQIVS0vMcTKpk3gQAY0ZZY1JpUxxjLPAYROhDYKub=s900-c-k-c0x00ffffff-no-rj,https://www.ytrank.com/channel/vlad-and-niki-UCvlE5gTbOvjiolFlEm-c_Ow
UCJplp5SjeGSdVdwsfb9Q7lQ,Like Nastya,http://www.youtube.com/@LikeNastyaofficial,120000000,904,104799694796,Kids & Family,United States,https://yt3.googleusercontent.com/ytc/AIdro_kj6ASR_jV8XSSGF_SSD4hUBJInCWwWRlR2mxEcwGVQW4s=s900-c-k-c0x00ffffff-no-rj,https://www.ytrank.com/channel/like-nastya-UCJplp5SjeGSdVdwsfb9Q7lQ
UC-lHJZR3Gqxm24_Vd_AJ5Yw,PewDiePie,http://www.youtube.com/@PewDiePie,111000000,4786,29398837783,People & Blogs,Japan,https://yt3.googleusercontent.com/5oUY3tashyxfqsjO5SGhjT4dus8FkN9CsAHwXWISFrdPYii1FudD4ICtLfuCw6-THJsJbgoY=s900-c-k-c0x00ffffff-no-rj,https://www.ytrank.com/channel/pewdiepie-UC-lHJZR3Gqxm24_Vd_AJ5Yw
UCFFbwnve3yF62-tVXkTyHqg,Zee Music Company,http://www.youtube.com/@zeemusiccompany,110000000,12140,69639694195,Music,India,https://yt3.googleusercontent.com/5ozNNrQBUJY8TPt2BYo6fEL-07ilkWHVedWCGFjtvuHU0aYrg1Iop-LJvprodA1_9-MTv7G_YA=s900-c-k-c0x00ffffff-no-rj,https://www.ytrank.com/channel/zee-music-company-UCFFbwnve3yF62-tVXkTyHqg
UCJ5v_MCY6GNUBTO8-D3XoAg,WWE,http://www.youtube.com/@WWE,104000000,79134,88255083023,Sports,,https://yt3.googleusercontent.com/ytc/AIdro_ntokFOUW3fcSb3hxw2V2svi3QaKr0ofCpgtgH0FqSDZJiy=s900-c-k-c0x00ffffff-no-rj,https://www.ytrank.com/channel/wwe-UCJ5v_MCY6GNUBTO8-D3XoAg
UCyoXW-Dse7fURq30EWl_CUA,Goldmines,http://www.youtube.com/@GoldminesTelefilms,100000000,8828,29287441004,Movies & Trailers,India,https://yt3.googleusercontent.com/wblvtoHFXpBoat-oNukycB5auBa45inSwiyghE8gac3MN_ridYgeY1kHRKCkBrb1slgpIlO6Vw=s900-c-k-c0x00ffffff-no-rj,https://www.ytrank.com/channel/goldmines-UCyoXW-Dse7fURq30EWl_CUA
UC6-F5tO8uklgE9Zy8IvbdFw,Sony SAB,http://www.youtube.com/@SonySAB,95800000,91286,120053986037,Movies & Trailers,India,https://yt3.googleusercontent.com/WrjDeIWr2pmRdCKFuEDfvkovr0O_o7gyfT_J_AMJjFk5KR9HGQVirOP0DeimyAoBUHRfH79X=s900-c-k-c0x00ffffff-no-rj,https://www.ytrank.com/channel/sony-sab-UC6-F5tO8uklgE9Zy8IvbdFw
UCOmHUn--16B90oW2L6FRR3A,BLACKPINK,http://www.youtube.com/@BLACKPINK,94800000,603,36756090437,Music,South Korea,https://yt3.googleusercontent.com/EMHEc8vNqHUC-eBFl_RrLcla7_NH6hEohpi0RrMABe6cOcmCabmnxcqfVFmONWTQg5LtbpNkQg=s900-c-k-c0x00ffffff-no-rj,https://www.ytrank.com/channel/blackpink-UCOmHUn--16B90oW2L6FRR3A
UCBnZ16ahKA2DZ_T5W0FPUXg,ChuChu TV Nursery Rhymes & Kids Songs,http://www.youtube.com/@ChuChuTV,93200000,807,52470693654,Kids & Family,India,https://yt3.googleusercontent.com/GgxGEqkXf9x_ka5Ohgh3ZSUTRHZ4omOpneM4ZbHcbK8JIQOffbNYut1I3m3jDhsUo_N0C4yw=s900-c-k-c0x00ffffff-no-rj,https://www.ytrank.com/channel/chuchu-tv-nursery-rhymes-kids-songs-UCBnZ16ahKA2DZ_T5W0FPUXg
UCbp9MyKCTEww4CxEzc_Tp0Q,Stokes Twins,http://www.youtube.com/@StokesTwins,89600000,321,13565502729,People & Blogs,United States,https://yt3.googleusercontent.com/ytc/AIdro_lEVTRi3Hf-Jdhk2Fd6BGFygFjiTYT7yA7eOsNTzM4uWVY=s900-c-k-c0x00ffffff-no-rj,https://www.ytrank.com/channel/stokes-twins-UCbp9MyKCTEww4CxEzc_Tp0Q
UCppHT7SZKKvar4Oc9J4oljQ,Zee TV,http://www.youtube.com/@zeetv,84100000,183227,94198614802,People & Blogs,India,https://yt3.googleusercontent.com/ytc/AIdro_m-L8IIsyEqs4mhPYoMXDhegVmWOun3S0jMuT8SXOtZpqU=s900-c-k-c0x00ffffff-no-rj,https://www.ytrank.com/channel/zee-tv-UCppHT7SZKKvar4Oc9J4oljQ
UC295-Dw_tDNtZXFeAPAW6Aw,5-Minute Crafts,http://www.youtube.com/@5MinuteCraftsYouTube,80900000,7256,27703028986,DIY & Crafts,United States,https://yt3.googleusercontent.com/rrMcZWXHcMJ-GikSl3uEmB2gwu9uWg4gbgvI4_tFcNEkc5ys2emF0Oz6733mDVdaxz2jQ07xzQ=s900-c-k-c0x00ffffff-no-rj,https://www.ytrank.com/channel/5-minute-crafts-UC295-Dw_tDNtZXFeAPAW6Aw
UCLkAepWjdylmXSltofFvsYQ,BANGTANTV,http://www.youtube.com/@BTS,79000000,2605,23675450062,People & Blogs,,https://yt3.googleusercontent.com/zL7KDS7WEHVbgpo6dM91hL5e91etHiuq2umW32iSePrhE5411SPsEdpAEcf5m5mYS-a_vpl7Ww=s900-c-k-c0x00ffffff-no-rj,https://www.ytrank.com/channel/bangtantv-UCLkAepWjdylmXSltofFvsYQ
UCcdwLMPsaU2ezNSJU1nFoBQ,Baby Shark - Pinkfong Kids’ Songs & Stories,http://www.youtube.com/@Pinkfong,77800000,3316,46085560198,Kids & Family,United States,https://yt3.googleusercontent.com/1cyrOm4Y6f959LIjhE2Zwqp77Lts6P_nCBCv0uRsMWTd-JYYY7TBXztNM52G7pJYzk-8g3AS9Nc=s900-c-k-c0x00ffffff-no-rj,https://www.ytrank.com/channel/baby-shark-pinkfong-kids-songs-stories-UCcdwLMPsaU2ezNSJU1nFoBQ
UC55IWqFLDH1Xp7iu1_xknRA,Colors TV,http://www.youtube.com/@colorstv,76100000,165498,74515127396,People & Blogs,India,https://yt3.googleusercontent.com/ytc/AIdro_kA1GQiqdaQSjynijqV7rHfBxrmXeJpdyf7yFepknPF1w=s900-c-k-c0x00ffffff-no-rj,https://www.ytrank.com/channel/colors-tv-UC55IWqFLDH1Xp7iu1_xknRA
UC3IZKseVpdzPSBaWxBxundA,HYBE LABELS,http://www.youtube.com/@HYBELABELS,75700000,2053,35992803377,People & Blogs,South Korea,https://yt3.googleusercontent.com/ytc/AIdro_ldT8kWzx6T1Q7LQL4ENvkeCGjFP6hUzWgHSVtjddJ5Ib0=s900-c-k-c0x00ffffff-no-rj,https://www.ytrank.com/channel/hybe-labels-UC3IZKseVpdzPSBaWxBxundA
UCIwFjwMjI0y7PDBVEO9-bkQ,Justin Bieber,http://www.youtube.com/@justinbieber,73500000,249,32963369076,Music,Canada,https://yt3.googleusercontent.com/ytc/AIdro_n4i1tIumogB43LYQ_b_nE1g8jxW1kEv0REdQ-IrdmO_m8=s900-c-k-c0x00ffffff-no-rj,https://www.ytrank.com/channel/justin-bieber-UCIwFjwMjI0y7PDBVEO9-bkQ
UCaayLD9i5x4MmIoVZxXSv_g,T-Series Bhakti Sagar,http://www.youtube.com/@TSeriesBhaktiSagar,70100000,28649,35565142385,Spiritual & Religious,India,https://yt3.googleusercontent.com/ytc/AIdro_lEOsOKSwfkzCB5bj1mTBIKOG7rBJmipaGnWMtcUnEF0I6J=s900-c-k-c0x00ffffff-no-rj,https://www.ytrank.com/channel/t-series-bhakti-sagar-UCaayLD9i5x4MmIoVZxXSv_g
UCP6uH_XlsxrXwZQ4DlqbqPg,Shemaroo Filmi Gaane,http://www.youtube.com/@filmigaane,69500000,8774,30008986523,Music,India,https://yt3.googleusercontent.com/dKBpjdqRkmSJqqLUybd9iygGh1iyZgqEkqVDaYaFvrs0ZO93bbVq00L4TQH2XabJYOq1Igp1QA=s900-c-k-c0x00ffffff-no-rj,https://www.ytrank.com/channel/shemaroo-filmi-gaane-UCP6uH_XlsxrXwZQ4DlqbqPg
UCJrDMFOdv1I2k8n9oK_V21w,Tips Official,http://www.youtube.com/@tipsofficial,68900000,6341,41149787925,Music,India,https://yt3.googleusercontent.com/gcBSD5XoYEKAs7Y-_3im6BX35R_hajtbe2p_Rl3ZYZe_H_4eu2Yv1f-FtI-GTMPKFz4cSUrt=s900-c-k-c0x00ffffff-no-rj,https://www.ytrank.com/channel/tips-official-UCJrDMFOdv1I2k8n9oK_V21w
UCt4t-jeY85JegMlZ-E5UWtA,Aaj Tak,http://www.youtube.com/@aajtak,67400000,392708,33991783938,News & Politics,India,https://yt3.googleusercontent.com/ytc/AIdro_m1WLxquYeEO9VgyA7-cYFrn_hd2dSaNtmL8-NIHMCQIuPQ=s900-c-k-c0x00ffffff-no-rj,https://www.ytrank.com/channel/aaj-tak-UCt4t-jeY85JegMlZ-E5UWtA
UCffDXn7ycAzwL2LDlbyWOTw,Canal KondZilla,http://www.youtube.com/@KondZilla,67300000,2884,38607709557,Music,Brazil,https://yt3.googleusercontent.com/b3nRDgoomGiaTDfpro0h564ZyRp4gGJrBKo4v0KbUU64RUr5XOrbKTESbKtw5v0J2bu1C9qJpHg=s900-c-k-c0x00ffffff-no-rj,https://www.ytrank.com/channel/canal-kondzilla-UCffDXn7ycAzwL2LDlbyWOTw
UCK1i2UviaXLUNrZlAFpw_jA,El Reino Infantil,http://www.youtube.com/@ElReinoInfantil,66000000,1554,62286715040,Kids & Family,Argentina,https://yt3.googleusercontent.com/mfVNqCAHQK6a9n16YJkfM9WQuwgoG9CXNqDYanO5j-pY2YSQEsnFWT10QivCgrBgLpj432Zx21k=s900-c-k-c0x00ffffff-no-rj,https://www.ytrank.com/channel/el-reino-infantil-UCK1i2UviaXLUNrZlAFpw_jA
UC1ciY6kR3yj3kaKZ6R7ewAg,Infobells - Hindi,http://www.youtube.com/@infobellshindirhymes,64599999,705,37881770077,Education,India,https://yt3.googleusercontent.com/ytc/AIdro_mWKlOUcsnrq8oXV8BemcuyrfG52ztaqZmoDThFc1v-etg=s900-c-k-c0x00ffffff-no-rj,https://www.ytrank.com/channel/infobells-hindi-UC1ciY6kR3yj3kaKZ6R7ewAg
UC22nIfOTM7KLIQuFGMKzQbg,Wave Music,http://www.youtube.com/@WaveMusicIndia,62900000,20423,43406033730,,India,https://yt3.googleusercontent.com/pihcDLdwh3sVL1EG6wIEvmvglg3Ce43jbWS9KCCtDeD7VvjzTFcEDKFtqLbjMcaA1CHPxUWUfXE=s900-c-k-c0x00ffffff-no-rj,https://www.ytrank.com/channel/wave-music-UC22nIfOTM7KLIQuFGMKzQbg
UCtxD0x6AuNNqdXO9Wp5GHew,UR · Cristiano,https://www.youtube.com/@cristiano,62800000,46,501538545,People & Blogs,Portugal,https://yt3.googleusercontent.com/yKfa-GV-v_O-6jZKHwBuc2FX0Q5ths8OqYTOAmOwzVY0q3miZT0L-rUzve-M2QBdONcTYaEO_JI=s900-c-k-c0x00ffffff-no-rj,https://www.ytrank.com/channel/ur-cristiano-UCtxD0x6AuNNqdXO9Wp5GHew
UCgFXm4TI8htWmCyJ6cVPG_A,Toys and Colors,http://www.youtube.com/@toysandcolors,62700000,1325,73935347381,Kids & Family,United States,https://yt3.googleusercontent.com/ytc/AIdro_nRw7HQUrnDZVaCtkY5VbMUNCcf5ochXNZ2kUlzvuatGZQ=s900-c-k-c0x00ffffff-no-rj,https://www.ytrank.com/channel/toys-and-colors-UCgFXm4TI8htWmCyJ6cVPG_A
UC3gNmTGu-TTbFPpfSs5kNkg,Movieclips,http://www.youtube.com/@MOVIECLIPS,62200000,41222,63286851834,Movies & Trailers,United States,https://yt3.googleusercontent.com/QSCDnr5KmYElRp-zYpdW-txkiRo-HYF6Ah1SvMF_7MlspmO1fwYOy7P1jnim8HqezI8IZZKcPQ=s900-c-k-c0x00ffffff-no-rj,https://www.ytrank.com/channel/movieclips-UC3gNmTGu-TTbFPpfSs5kNkg
UC56gTxNs4f9xZ7Pa2i5xNzg,Sony Music India,http://www.youtube.com/@SonyMusicIndia,61800000,5409,31391307897,Music,India,https://yt3.googleusercontent.com/Q3Hm_Y4J05A-VATeZ1QF89FnL0Zhq748MMXGXkZvAaqrceMTeq_cjEZI0M0E8kIZKrZ_NoJaMw=s900-c-k-c0x00ffffff-no-rj,https://www.ytrank.com/channel/sony-music-india-UC56gTxNs4f9xZ7Pa2i5xNzg
UCbTLwN10NoCU4WDzLf1JMOA,YRF,http://www.youtube.com/@yrf,61700000,4219,43103633428,Movies & Trailers,India,https://yt3.googleusercontent.com/jr9v2DMoIyyvVjFFWKt5Q3ySvKhMo83owEQoAUsuxmPPkPaP3q_qoAaw06T65kd9pwjx36B3=s900-c-k-c0x00ffffff-no-rj,https://www.ytrank.com/channel/yrf-UCbTLwN10NoCU4WDzLf1JMOA
UCRijo3ddMTht_IHyNSNXpNQ,Dude Perfect,http://www.youtube.com/@dudeperfect,60400000,451,17744674496,Comedy,United States,https://yt3.googleusercontent.com/ytc/AIdro_lnf0k0Vr_bPUzC4OIUIp0hGSvnEnteat4Hq33JMMo6qBI=s900-c-k-c0x00ffffff-no-rj,https://www.ytrank.com/channel/dude-perfect-UCRijo3ddMTht_IHyNSNXpNQ
UCe9JSDmyqNgA_l2BzGHq1Ug,HAR PAL GEO,http://www.youtube.com/@HarPalGeoOfficial,59600000,143675,59622577938,People & Blogs,Pakistan,https://yt3.googleusercontent.com/qsuzLDGZ9P2lVK2RCmzYo78zWO8PtoaevySKQmQEnv874EXyq8CtwPn64n2T3grp6KXJSnOt=s900-c-k-c0x00ffffff-no-rj,https://www.ytrank.com/channel/har-pal-geo-UCe9JSDmyqNgA_l2BzGHq1Ug
UC5gxP-2QqIh_09djvlm9Xcg,Alan Chikin Chow,http://www.youtube.com/@AlanChikinChow,58800000,1332,45846242731,People & Blogs,United States,https://yt3.googleusercontent.com/2MPw7mYFFiBUsH1MeMT3pIMeBNUobpe4hkYhN9xtWjZO2bxoFVgnQ8YTpfIDMQ0WGZ5JPnX0Zw=s900-c-k-c0x00ffffff-no-rj,https://www.ytrank.com/channel/alan-chikin-chow-UC5gxP-2QqIh_09djvlm9Xcg
UC4NALVCmcmL5ntpV0thoH6w,LooLoo Kids - Nursery Rhymes and Children's Songs,http://www.youtube.com/@LooLooKids,58100000,895,35509509919,Kids & Family,United States,https://yt3.googleusercontent.com/FvpbxMoM5TNIjIufWYR01ZxblpkoHtS-pbFV4iEYrLZMlH86hH0hRn3a11JvluO4jcCH-4XP=s900-c-k-c0x00ffffff-no-rj,https://www.ytrank.com/channel/looloo-kids-nursery-rhymes-and-childrens-songs-UC4NALVCmcmL5ntpV0thoH6w
UCRx3mKNUdl8QE06nEug7p6Q,Billion Surprise Toys,http://www.youtube.com/@BillionSurpriseToys,57300000,1137,11425107961,Kids & Family,United States,https://yt3.googleusercontent.com/muhmpoanVJwWAoOQSQvQwn9-sTXs3JYViq8AHZn5CceNY0DFktPEnfzD8mk60E3PVyvzaKRtLQ=s900-c-k-c0x00ffffff-no-rj,https://www.ytrank.com/channel/billion-surprise-toys-UCRx3mKNUdl8QE06nEug7p6Q
UC4JCksJF76g_MdzPVBJoC3Q,ARY Digital HD,http://www.youtube.com/@ARYDigitalasia,57200000,148420,55657154356,People & Blogs,Pakistan,https://yt3.googleusercontent.com/Bo0L80TmCus5HIKPaHQz1Z1AerDdPswFWC8Z95haovtn-OeEUXioQ9H9Rkbg4JYm009lk2_Yvw=s900-c-k-c0x00ffffff-no-rj,https://www.ytrank.com/channel/ary-digital-hd-UC4JCksJF76g_MdzPVBJoC3Q
UCY1kMZp36IQSyNx_9h4mpCg,Mark Rober,http://www.youtube.com/@MarkRober,57100000,172,7590496292,Education,United States,https://yt3.googleusercontent.com/ytc/AIdro_kwFxfJF-fQml8fUIvrd36ZstE2RO-C-IwDB-0qxQoc3Q=s900-c-k-c0x00ffffff-no-rj,https://www.ytrank.com/channel/mark-rober-UCY1kMZp36IQSyNx_9h4mpCg
UCoQm-PeHC-cbJclKJYJ8LzA,Fede Vigevani,http://www.youtube.com/@fedevigevani,56500000,1380,16008797841,Comedy,Mexico,https://yt3.googleusercontent.com/rVYnYxq5DsXQMK4awK0b3vr8z1lAqjb-MMMcXTpJ3XQe6X0kPezhH5CypC6toFeFaSiapFcn=s900-c-k-c0x00ffffff-no-rj,https://www.ytrank.com/channel/fede-vigevani-UCoQm-PeHC-cbJclKJYJ8LzA
UCF1JIbMUs6uqoZEY1Haw0GQ,Shemaroo,http://www.youtube.com/@shemaroo,55200000,12777,25183449845,Movies & Trailers,India,https://yt3.googleusercontent.com/ytc/AIdro_mhdF4RNZM9OHP-A8BvrQO4q6BenIVFCTfjURrYjYxAxw=s900-c-k-c0x00ffffff-no-rj,https://www.ytrank.com/channel/shemaroo-UCF1JIbMUs6uqoZEY1Haw0GQ
UC0C-w0YjGpqDXGB8IHb662A,Ed Sheeran,http://www.youtube.com/@EdSheeran,55100000,524,33092273534,Music,,https://yt3.googleusercontent.com/emA0C_i9tUyJgxrfVpJ31e0QCU2MlovjYvQkAC9mDuSJyhl6h8PkFj5-ozRzz2vFtpbnls8s1W4=s900-c-k-c0x00ffffff-no-rj,https://www.ytrank.com/channel/ed-sheeran-UC0C-w0YjGpqDXGB8IHb662A
UCOnIJiQuk1fDSp6p1GCZy3A,YOLO AVENTURAS,http://www.youtube.com/@YOLOAVENTURAS,53600000,2519,18049337312,People & Blogs,Mexico,https://yt3.googleusercontent.com/XCYEOtOptEnbiC4K1uQ9GCuo9XvjDN2uJwKQ5cRr-ahTVZVbN7_C5S_zTkFSUY6XDI1aYc0E7A=s900-c-k-c0x00ffffff-no-rj,https://www.ytrank.com/channel/yolo-aventuras-UCOnIJiQuk1fDSp6p1GCZy3A
UClZkHt2kNIgyrTTPnSQV3SA,Get Movies,http://www.youtube.com/@getmovies,52400000,3390,33754431929,Travel & Events,Russia,https://yt3.googleusercontent.com/fj0Uj2NP2Ilba8iudpRkajdV6miT5WAVTTMr30gGfPyxDTmy1gahB5IU12DcHjzkkyva8ScFQQ=s900-c-k-c0x00ffffff-no-rj,https://www.ytrank.com/channel/get-movies-UClZkHt2kNIgyrTTPnSQV3SA
UCqJ5zFEED1hWs0KNQCQuYdQ,Mikecrack,http://www.youtube.com/@Mikecrack,52300000,2058,19176164476,Gaming,Spain,https://yt3.googleusercontent.com/LjpOv26rphYWGGlX1DbtAo1sINXKhO1dpF6Pr1dUWrpNPx8f4tesSss_UJbpxg3PK8veejYX=s900-c-k-c0x00ffffff-no-rj,https://www.ytrank.com/channel/mikecrack-UCqJ5zFEED1hWs0KNQCQuYdQ
UC3MLnJtqc_phABBriLRhtgQ,SonyMusicIndiaVEVO,http://www.youtube.com/@sonymusicindiaVEVO,52100000,3756,32194290269,Music,,https://yt3.googleusercontent.com/dvQZCez1TKLEmjyOSGEYBSm-ObD5YYHt9Z2c1TMiNwpAPSHSmNYDDtCnPOJDh7SBvJR8CDgSLg=s900-c-k-c0x00ffffff-no-rj,https://www.ytrank.com/channel/sonymusicindiavevo-UC3MLnJtqc_phABBriLRhtgQ
UCYiGq8XF7YQD00x7wAd62Zg,JuegaGerman,http://www.youtube.com/@JuegaGerman,51100000,2221,15845873878,Other,Chile,https://yt3.googleusercontent.com/BKHlUq9E_g6Lz4vNsgRK-1H9rchEzO9KoyTLvu-FZ3WM3iifH_AVlX-IRcSXHXmEUup1nTgRnA=s900-c-k-c0x00ffffff-no-rj,https://www.ytrank.com/channel/juegagerman-UCYiGq8XF7YQD00x7wAd62Zg
UCstEtN0pgOmCf02EdXsGChw,ABS-CBN Entertainment,http://www.youtube.com/@abscbnentertainment,49600000,234429,55807464357,People & Blogs,Philippines,https://yt3.googleusercontent.com/ytc/AIdro_lsT-b6Oht3l9M9040h4ga7nNrh5CBOqrx-Hncsccq5bl8=s900-c-k-c0x00ffffff-no-rj,https://www.ytrank.com/channel/abs-cbn-entertainment-UCstEtN0pgOmCf02EdXsGChw
UC6gVx_vALsYT-z_u1djJbBQ,BETER BÖCÜK,http://www.youtube.com/@beterbocuk,49200000,4425,29120884211,Travel & Events,Türkiye,https://yt3.googleusercontent.com/WkOddvuvqG9_YKpkw7Z0SvJdA6ylyXtxazXW-D3I-ZrHFrJiZcwSC3uxy6RPer8ZQd-9VC0Ivg=s900-c-k-c0x00ffffff-no-rj,https://www.ytrank.com/channel/beter-bck-UC6gVx_vALsYT-z_u1djJbBQ
UCu59yAFE8fM0sVNTipR4edw,Masha and The Bear,http://www.youtube.com/@MashaBearEN,49100000,1632,29394059675,Anime & Animation,United States,https://yt3.googleusercontent.com/cDRqUdh3UCmB8DRvf49ozItOaF72PWlt0D6GRcPSMlt6TeeGvqHWC4IO5pW9Isf68IMNnSac3w=s900-c-k-c0x00ffffff-no-rj,https://www.ytrank.com/channel/masha-and-the-bear-UCu59yAFE8fM0sVNTipR4edw
UCZs0WwC0Dn_noiQE2BHSTKg,Alejo Igoa,http://www.youtube.com/@AlejoIgoa,48700000,1112,18825981586,People & Blogs,Argentina,https://yt3.googleusercontent.com/QcWKIhGN9r_1qQbldFLlnvkfQJyKZTGMcpCAmGkQoptuNyFhMctuXoPnDuqr3e-ulPlcTh11=s900-c-k-c0x00ffffff-no-rj,https://www.ytrank.com/channel/alejo-igoa-UCZs0WwC0Dn_noiQE2BHSTKg
UCYWOjHweP2V-8kGKmmAmQJQ,Badabun,http://www.youtube.com/@badabunOficial,47600000,23541,19854978951,People & Blogs,Mexico,https://yt3.googleusercontent.com/80xetee0SWVYmzEzpqOHG-MhmBZ1xapnmGVAUqtYxQnVSB7-NAh95XzCF6iexAuclKTns0b-=s900-c-k-c0x00ffffff-no-rj,https://www.ytrank.com/channel/badabun-UCYWOjHweP2V-8kGKmmAmQJQ
UC-LPIU24bQXVljUXivKEeRQ,StarPlus,http://www.youtube.com/@starplus,47600000,107460,50467694449,People & Blogs,India,https://yt3.googleusercontent.com/dTXsoAPnQ3rEkf7Mw8CTbH3wvnnhCzdahQU_HLgYNbH_dV5Sn_ql-gK_Sv1gpIqcMZmxEmkFmQ=s900-c-k-c0x00ffffff-no-rj,https://www.ytrank.com/channel/starplus-UC-LPIU24bQXVljUXivKEeRQ
UC_gV70G_Y51LTa3qhu8KiEA,LUCCAS NETO - LUCCAS TOON,http://www.youtube.com/@luccastoon,46900000,2914,27263836574,Other,Brazil,https://yt3.googleusercontent.com/ytc/AIdro_kobisNMlD3aRBfca97BOhn8Yi4FrePdJWUG2J2uggvciM=s900-c-k-c0x00ffffff-no-rj,https://www.ytrank.com/channel/luccas-neto-luccas-toon-UC_gV70G_Y51LTa3qhu8KiEA
UCV306eHqgo0LvBf3Mh36AHg,Felipe Neto,http://www.youtube.com/@felipeneto,46600000,5158,17993105304,Other,Brazil,https://yt3.googleusercontent.com/CYXuAMMhgqaU8bK2VabYbi35CK4ByHRmEJx5tpVncsHhtPfaTacdosGEzkJ5Z-dinGSM7ZXM=s900-c-k-c0x00ffffff-no-rj,https://www.ytrank.com/channel/felipe-neto-UCV306eHqgo0LvBf3Mh36AHg
UCWi_65E_L8tQZ34C6wVAlpQ,Ishtar Music,http://www.youtube.com/@IshtarMusic,46500000,4700,20308075414,Music,India,https://yt3.googleusercontent.com/QRUZOURCOTTbtSQxY-Z2VGwMOdpPZOqxZR1hTaJQRd_Fa-L2j_93QRWFn_ZbXAVOfMhmfIaBlQ=s900-c-k-c0x00ffffff-no-rj,https://www.ytrank.com/channel/ishtar-music-UCWi_65E_L8tQZ34C6wVAlpQ
UC_A7K2dXFsTMAciGmnNxy-Q,Saregama Music,http://www.youtube.com/@SaregamaMusic,46500000,9347,22054345896,People & Blogs,India,https://yt3.googleusercontent.com/dxED1O-r5cRS73JBlUk4VS3pZHDfiHcuRjRbFMcf6KgYhxP4NUlD7x0h4TR1XTXkl-JGjTPTYQ=s900-c-k-c0x00ffffff-no-rj,https://www.ytrank.com/channel/saregama-music-UC_A7K2dXFsTMAciGmnNxy-Q
UC4-79UOlP48-QNGgCko5p2g,MrBeast 2,http://www.youtube.com/@MrBeast2,45900000,117,7616805633,People & Blogs,United States,https://yt3.googleusercontent.com/J7ANRfVmkOdP44qDLCaPuUtAukopBp37ambAkNnJvNQlzSel6Ryj_ZMDcVeDEDfnZ_O9Zhc5q-s=s900-c-k-c0x00ffffff-no-rj,https://www.ytrank.com/channel/mrbeast-2-UC4-79UOlP48-QNGgCko5p2g
UCJrOtniJ0-NWz37R30urifQ,Alan Walker,http://www.youtube.com/@Alanwalkermusic,45800000,622,14547535680,Music,Norway,https://yt3.googleusercontent.com/5NPuTDxN3DB7JiyOgwuPv5OV9lGG4_-AUYsFVpr-WLr11Lqi90krGfWmju26UhWmilRDA1qaEg=s900-c-k-c0x00ffffff-no-rj,https://www.ytrank.com/channel/alan-walker-UCJrOtniJ0-NWz37R30urifQ
UCQZfFRohQ7UX-0CdXl-6pwQ,Kimberly Loaiza,http://www.youtube.com/@KimberlyLoaiza,45700000,314,6760509720,People & Blogs,Mexico,https://yt3.googleusercontent.com/gmimhqe1fHrtWV5nNPyTEVH4JE6R6pECs62M3zOU-0z_aVNkpztti_qxbagt7kFN9ojqaIeo=s900-c-k-c0x00ffffff-no-rj,https://www.ytrank.com/channel/kimberly-loaiza-UCQZfFRohQ7UX-0CdXl-6pwQ
UCIPPMRA040LQr5QPyJEbmXA,MrBeast Gaming,http://www.youtube.com/@MrBeastGaming,45300000,141,8203618618,Gaming,United States,https://yt3.googleusercontent.com/ytc/AIdro_lQcPE8SWcGd2KERbhxCDUTDszoyVN1vnKNSAAC1bQP32U=s900-c-k-c0x00ffffff-no-rj,https://www.ytrank.com/channel/mrbeast-gaming-UCIPPMRA040LQr5QPyJEbmXA
UCwHE1kM1CPJd_pI9FQ0-4dg,shfa,http://www.youtube.com/@shfa-1,45200000,1164,26559076614,Kids & Family,United Arab Emirates,https://yt3.googleusercontent.com/ytc/AIdro_k52yVcD6ecD4pRy9yw2G8F1MQIlraD0ehvXxbmEg-a-ck=s900-c-k-c0x00ffffff-no-rj,https://www.ytrank.com/channel/shfa-UCwHE1kM1CPJd_pI9FQ0-4dg
UCRWFSbif-RFENbBrSiez1DA,ABP NEWS,http://www.youtube.com/@ABPNEWS,45200000,410117,18494661207,News & Politics,India,https://yt3.googleusercontent.com/ytc/AIdro_k_0j90OAP3tEuBLbhr8eMPB7Dgu-xgLi3xFzG2KH0OtLKX=s900-c-k-c0x00ffffff-no-rj,https://www.ytrank.com/channel/abp-news-UCRWFSbif-RFENbBrSiez1DA
UCo6y9hnRawAqtyWhRhblXqg,Dushyant kukreja,http://www.youtube.com/@Dushyant_kukreja,44900000,1276,27995765692,People & Blogs,India,https://yt3.googleusercontent.com/Fo85-5YJPD1lzoy6jyPH6NcOzh3Jiogy1nmncPPyF27p7fU6dD9o0LpVvRfphG8itVkcM0el=s900-c-k-c0x00ffffff-no-rj,https://www.ytrank.com/channel/dushyant-kukreja-UCo6y9hnRawAqtyWhRhblXqg
UCKe6w0exI94U-RzqAyoY1VA,Maria Clara & JP,http://www.youtube.com/@MariaClaraeJP,44900000,854,29191901329,People & Blogs,Brazil,https://yt3.googleusercontent.com/ytc/AIdro_n8EDt3qdYql9Dt6WAZDlb_7Af8wIukpc3h3cAbCptHNUg=s900-c-k-c0x00ffffff-no-rj,https://www.ytrank.com/channel/maria-clara-jp-UCKe6w0exI94U-RzqAyoY1VA
UCOsyDsO5tIt-VZ1iwjdQmew,Speed Records,http://www.youtube.com/@speedrecords,44800000,11703,29754061322,Music,India,https://yt3.googleusercontent.com/ytc/AIdro_lTIClTxbIfXAJHtzwqInxzY5h7PnvI9thZffyXeoa6xsA=s900-c-k-c0x00ffffff-no-rj,https://www.ytrank.com/channel/speed-records-UCOsyDsO5tIt-VZ1iwjdQmew
UC4rlAVgAK0SGk-yTfe48Qpw,BRIGHT SIDE,http://www.youtube.com/@BRIGHTSIDEOFFICIAL,44600000,8622,11266269009,People & Blogs,,https://yt3.googleusercontent.com/QnTNTL6lvpKA-OWYdSwke3kF9GEBoriwaaHlbOOo4E7hRuXBEiO1mrYsvmk8xQznjg3GKWUT=s900-c-k-c0x00ffffff-no-rj,https://www.ytrank.com/channel/bright-side-UC4rlAVgAK0SGk-yTfe48Qpw
UCw7xjxzbMwgBSmbeYwqYRMg,Sony PAL,http://www.youtube.com/@SonyPAL,44300000,29698,34010132643,People & Blogs,,https://yt3.googleusercontent.com/C2LsE5yGdsAyVyR3I3RPnIcrRQqLKrn5jygoQOWkyWH2Aol4nKlsh3HamGe9EYQK_TLfDzM0KQ=s900-c-k-c0x00ffffff-no-rj,https://www.ytrank.com/channel/sony-pal-UCw7xjxzbMwgBSmbeYwqYRMg
UCPuEAY09CtdTzFNWuqVZgDw,Topper Guild,http://www.youtube.com/@topperguild,44200000,1036,20192356176,People & Blogs,United States,https://yt3.googleusercontent.com/YSacGj-AQ0xMMyxtPmCVqzfHq1E09LGeX8_UtFr6wUtCl5B-HcpXsIJdjkgjKtUOnP0Rp7DiBUk=s900-c-k-c0x00ffffff-no-rj,https://www.ytrank.com/channel/topper-guild-UCPuEAY09CtdTzFNWuqVZgDw
UCsSsgPaZ2GSmO6il8Cb5iGA,DaFuq!?Boom!,http://www.youtube.com/@DaFuqBoom,43800000,299,17610044718,Gaming,United States,https://yt3.googleusercontent.com/P2dEEGGTZdLx7313inVbiONF5Kz-Pqik9o6s255XtMWMoxikwsswwvf57o3xBq7NSGsXK9lDNQ=s900-c-k-c0x00ffffff-no-rj,https://www.ytrank.com/channel/dafuqboom-UCsSsgPaZ2GSmO6il8Cb5iGA
UCS94J1s6-qc8v7btCdS2pNg,Like Nastya Show,http://www.youtube.com/@LikeNastya_Show,43800000,743,20883119228,People & Blogs,United States,https://yt3.googleusercontent.com/C0S2fy5ZGJ5FEJaykNdDnLUDJ8I9PzDEqZYT4snUJsBHnrl5KZJgmLx6JVOe0omgInpwrfFwsw=s900-c-k-c0x00ffffff-no-rj,https://www.ytrank.com/channel/like-nastya-show-UCS94J1s6-qc8v7btCdS2pNg
UCtW7qWjpCZ8zps-Cf2NF26w,Goldmines Gaane Sune Ansune,http://www.youtube.com/@GaaneSuneAnsune,43500000,3928,19853605580,Music,India,https://yt3.googleusercontent.com/VOA248eC5ZqaAhaBvgLEeZTrZYHkWuU0q9g0L7NJ8MznXX2mFz1Wf6erh9OSPrp1OTSnDpbUwA=s900-c-k-c0x00ffffff-no-rj,https://www.ytrank.com/channel/goldmines-gaane-sune-ansune-UCtW7qWjpCZ8zps-Cf2NF26w
UC5c9VlYTSvBSCaoMu_GI6gQ,Total Gaming,http://www.youtube.com/@TotalGaming093,43400000,512,4523277213,Gaming,India,https://yt3.googleusercontent.com/ytc/AIdro_m1lPyQWQ29-5ZlIft_ZikLYZlK1xwapTePmLTQnHiUsbw=s900-c-k-c0x00ffffff-no-rj,https://www.ytrank.com/channel/total-gaming-UC5c9VlYTSvBSCaoMu_GI6gQ
UCECJDeK0MNapZbpaOzxrUPA,Luisito Comunica,http://www.youtube.com/@luisitocomunica,43200000,1380,10013132492,People & Blogs,Mexico,https://yt3.googleusercontent.com/ytc/AIdro_kZJNoir4Dx1cfFwBEkRCJA5iVJmx85h6zi1LmIBHS2-FM=s900-c-k-c0x00ffffff-no-rj,https://www.ytrank.com/channel/luisito-comunica-UCECJDeK0MNapZbpaOzxrUPA
UCj22tfcQrWG7EMEKS0qLeEg,CarryMinati,http://www.youtube.com/@CarryMinati,43200000,199,3927474649,People & Blogs,India,https://yt3.googleusercontent.com/j01juFvKwHnKHdgcklpPKLkfNBuGbGJKLBwXVhbN_5LeCU3S9bTsHBL-MKPRQCjpZpfPJ_dJ=s900-c-k-c0x00ffffff-no-rj,https://www.ytrank.com/channel/carryminati-UCj22tfcQrWG7EMEKS0qLeEg
UCttspZesZIDEwwpVIgoZtWQ,IndiaTV,http://www.youtube.com/@IndiaTV,43000000,318098,21421736083,News & Politics,India,https://yt3.googleusercontent.com/xvSPpZd-kEa6T3KgnlWv5YYkzLxf9UjWwnjlVBhtJR67qcipOq0sBjrgOd5_46mdoCE3cglT_w=s900-c-k-c0x00ffffff-no-rj,https://www.ytrank.com/channel/indiatv-UCttspZesZIDEwwpVIgoZtWQ
UCj-SWZSE0AmotGSQ3apROHw,PowerKids TV,http://www.youtube.com/@PowerKidstv,42700000,8355,22727447185,Kids & Family,Ireland,https://yt3.googleusercontent.com/mRFlX5QWMfFeYWP-6mGdYbud9fEmF3C4ObqxAti-zBw1TAMriwZNUzBUsLGCVkVcl6WXzRGu_A=s900-c-k-c0x00ffffff-no-rj,https://www.ytrank.com/channel/powerkids-tv-UCj-SWZSE0AmotGSQ3apROHw
UCEeEQxm6qc_qaTE7qTV5aLQ,HUM TV,http://www.youtube.com/@HUMTV,42600000,153559,36327777669,People & Blogs,Pakistan,https://yt3.googleusercontent.com/iI2ZRVftsP7B32icobBG9NdDHHMwZMyl-vrtsM-J45R3acolG5XEHIX9mjHcHZgAEfSibd1K=s900-c-k-c0x00ffffff-no-rj,https://www.ytrank.com/channel/hum-tv-UCEeEQxm6qc_qaTE7qTV5aLQ
UCLsooMJoIpl_7ux2jvdPB-Q,Super Simple Songs - Kids Songs,http://www.youtube.com/@SuperSimpleSongs,42600000,806,52485772933,Kids & Family,Canada,https://yt3.googleusercontent.com/wfO1-J_V0yO6VW2F0MKGdvORISTzvdIWmfV8ghkZpHH4nOLHhARqFsBNVp4Ey9_cphHcq8zTWQ=s900-c-k-c0x00ffffff-no-rj,https://www.ytrank.com/channel/super-simple-songs-kids-songs-UCLsooMJoIpl_7ux2jvdPB-Q
UCRm96I5kmb_iGFofE5N691w,T-Series Bollywood Classics,http://www.youtube.com/@tseriesoldisgold,42500000,2081,28119360529,Music,India,https://yt3.googleusercontent.com/CKUwWjEl7AG0onwyma72O-IwYQwhRcJjg4B6Q0B5MqZVv0ssbOuZRm189XQUOauQVMFZ4RqNBg=s900-c-k-c0x00ffffff-no-rj,https://www.ytrank.com/channel/t-series-bollywood-classics-UCRm96I5kmb_iGFofE5N691w
UCK5Q72Uyo73uRPk8PmM2A3w,Genevieve's Playhouse - Learning Videos for Kids,http://www.youtube.com/@GenevievesPlayhouse,42500000,648,32296388881,Kids & Family,United States,https://yt3.googleusercontent.com/ytc/AIdro_kUpTYBkx1ZMCiwzvfIimm4xBGVO8r2_2u7FcLrOVfOhMo=s900-c-k-c0x00ffffff-no-rj,https://www.ytrank.com/channel/genevieves-playhouse-learning-videos-for-kids-UCK5Q72Uyo73uRPk8PmM2A3w
UCyagEfIN1okQ-s996XAqCFQ,Zhong,http://www.youtube.com/@zhong,42400000,1812,17638841909,People & Blogs,United States,https://yt3.googleusercontent.com/dIL_Vgwl6Oox3kCAsiZHT8CINvSfyUfgv9W54LqFa1Ni5L52EXJyjLCVqnUQMIynRlI1faDDyg=s900-c-k-c0x00ffffff-no-rj,https://www.ytrank.com/channel/zhong-UCyagEfIN1okQ-s996XAqCFQ
UCX8pnu3DYUnx8qy8V_c6oHg,Techno Gamerz,http://www.youtube.com/@TechnoGamerzOfficial,42400000,1061,12379707884,Gaming,India,https://yt3.googleusercontent.com/ytc/AIdro_k7ZraAt3bSOxLK-GNo_8Szb8sRe0sEmmlsqLm2zhvZdCA=s900-c-k-c0x00ffffff-no-rj,https://www.ytrank.com/channel/techno-gamerz-UCX8pnu3DYUnx8qy8V_c6oHg
UCSiDGb0MnHFGjs4E2WKvShw,MR. INDIAN HACKER,http://www.youtube.com/@MRINDIANHACKER,42200000,1038,7339238381,People & Blogs,India,https://yt3.googleusercontent.com/ytc/AIdro_n6rCnXvBYGxRd-gdNXLc2pxyX7ClUTYGhEiP3g6vpWKnI=s900-c-k-c0x00ffffff-no-rj,https://www.ytrank.com/channel/mr-indian-hacker-UCSiDGb0MnHFGjs4E2WKvShw
UCBR8-60-B28hp2BmDPdntcQ,YouTube,http://www.youtube.com/@YouTube,41600000,787,2758110950,Travel & Events,United States,https://yt3.googleusercontent.com/584JjRp5QMuKbyduM_2k5RlXFqHJtQ0qLIPZpwbUjMJmgzZngHcam5JMuZQxyzGMV5ljwJRl0Q=s900-c-k-c0x00ffffff-no-rj,https://www.ytrank.com/channel/youtube-UCBR8-60-B28hp2BmDPdntcQ
UC3ZkCd7XtUREnjjt3cyY_gg,WorkpointOfficial,http://www.youtube.com/@WorkpointOfficial,41600000,89695,39391620925,,Thailand,https://yt3.googleusercontent.com/Z449XD_YVg0E6F86tIquZ9Wc-po-Lv-mpcmuzKMl4cwm0qIIWaCuSP9fM6eMps8Pi9xUpm_38Q=s900-c-k-c0x00ffffff-no-rj,https://www.ytrank.com/channel/workpointofficial-UC3ZkCd7XtUREnjjt3cyY_gg
UCmL1WlDI8UkXDXCXcBQN9CA,Ultra Bollywood,http://www.youtube.com/@UltraBollywood,41600000,9655,16674064177,Movies & Trailers,India,https://yt3.googleusercontent.com/ZxKiQLpl-CV6WuANMbPZlaiAtEo1B1zz1JCjaKnrvS2QPPcf2nDDbppy04ibIAG2WKARJu-0qw=s900-c-k-c0x00ffffff-no-rj,https://www.ytrank.com/channel/ultra-bollywood-UCmL1WlDI8UkXDXCXcBQN9CA
UCsT0YIqwnpJCM-mx7-gSA4Q,TEDx Talks,http://www.youtube.com/@TEDx,41500000,222105,8027342745,Other,,https://yt3.googleusercontent.com/70r5TkYTLC0cpKLAiQEvcWLeIHB8yxoiog0nQIK9MmnZHqkICy0YA-jAaqfT2ChOBwehskjf5g=s900-c-k-c0x00ffffff-no-rj,https://www.ytrank.com/channel/tedx-talks-UCsT0YIqwnpJCM-mx7-gSA4Q
UC8f7MkX4MFOOJ2SerXLInCA,ช่อง one31,http://www.youtube.com/@one31official,41300000,154382,29514126985,,Thailand,https://yt3.googleusercontent.com/YpEWXkiNS7xqJTA9czJTx6C6AN2o5Zqw4dNh33CY77sao3ExAWn6ffK9j-XglvByhB76I2kvrA=s900-c-k-c0x00ffffff-no-rj,https://www.ytrank.com/channel/one31-UC8f7MkX4MFOOJ2SerXLInCA
UCcOMTVILq-yIqtFmOqt-QOg,Vlad và Niki,http://www.youtube.com/@vladvaniki1,41100000,629,26036294471,Language Learning,United States,https://yt3.googleusercontent.com/FBWqKhwFT2J2A_NbsoWYjPgfr5lKBV-ukz6umw4NKJFSnkhNDdwCN-JsIUii-WUhLS82XaEY=s900-c-k-c0x00ffffff-no-rj,https://www.ytrank.com/channel/vlad-v-niki-UCcOMTVILq-yIqtFmOqt-QOg
UCpEJRZdSpdVZ8vh63T9I2KQ,Like Nastya ESP,http://www.youtube.com/@LikeNastya_ESP,41000000,889,20518307977,People & Blogs,United States,https://yt3.googleusercontent.com/E7ltn3UkjB8sGiZ2hmhJTqZ48kbeCJ42Hzk5oWlJ9Bxi4H3Au1gZPZiBP55rRzDGk_sNFhDL=s900-c-k-c0x00ffffff-no-rj,https://www.ytrank.com/channel/like-nastya-esp-UCpEJRZdSpdVZ8vh63T9I2KQ
UCXazgXDIYyWH-yXLAkcrFxw,elrubiusOMG,http://www.youtube.com/@elrubiusOMG,40500000,709,7519924680,Gaming,,https://yt3.googleusercontent.com/ytc/AIdro_ltPeeQY8CUT-owxQBm6QmY9U0XAdT29J9Y97EcwGlW50wT=s900-c-k-c0x00ffffff-no-rj,https://www.ytrank.com/channel/elrubiusomg-UCXazgXDIYyWH-yXLAkcrFxw
UCSf0s2ogUVYpJPuzW1zpAOg,LankyBox,http://www.youtube.com/@LankyBox,39800000,12315,45235758375,Gaming,United States,https://yt3.googleusercontent.com/uyyJY9rd1hIayyzJIt-GGraTZKsc8Fz_CkyA3L9ip0eHwTUFyRONTEKzzPs5KfRBqyYdSVaHyA=s900-c-k-c0x00ffffff-no-rj,https://www.ytrank.com/channel/lankybox-UCSf0s2ogUVYpJPuzW1zpAOg
UCq8DICunczvLuJJq414110A,Zach King,http://www.youtube.com/@ZachKing,39100000,699,17017421453,Other,United States,https://yt3.googleusercontent.com/ytc/AIdro_nif3XPKw8D-PAlR1hCMS_5dURIIk6fZWz2GsIoFMi8vwg=s900-c-k-c0x00ffffff-no-rj,https://www.ytrank.com/channel/zach-king-UCq8DICunczvLuJJq414110A
UC2bYhAHyaqfWlPXWBVk4BcA,Enaldinho,http://www.youtube.com/@enaldinho,38700000,4523,17097574767,People & Blogs,Brazil,https://yt3.googleusercontent.com/ytc/AIdro_kpbE0CBfQfU2_pjrtSNZZd5j3-wvWNAh-vV7Rv2KpJnTg=s900-c-k-c0x00ffffff-no-rj,https://www.ytrank.com/channel/enaldinho-UC2bYhAHyaqfWlPXWBVk4BcA
UCpYye8D5fFMUPf9nSfgd4bA,BabyBus - Kids Songs and Cartoons,http://www.youtube.com/@babybus,38600000,2530,29859579123,Kids & Family,United States,https://yt3.googleusercontent.com/t6WrGgobDD8qBMX5TFTl9xxwJHhN_cT6g-VM8wkWWTf2QUZyNTE2HYQ7B97WE-M6rbobmiTCkQ=s900-c-k-c0x00ffffff-no-rj,https://www.ytrank.com/channel/babybus-kids-songs-and-cartoons-UCpYye8D5fFMUPf9nSfgd4bA
UCp0hYYBW6IMayGgR-WeoCvQ,TheEllenShow,http://www.youtube.com/@TheEllenShow,38300000,17258,23315860287,People & Blogs,United States,https://yt3.googleusercontent.com/I0j6g1bOYmGniEtkySB7tmvHxmo5InW1gqGRZJfFT_ErwZbRMKATBkUQyYutEPTB2A-Z2C0Z6w=s900-c-k-c0x00ffffff-no-rj,https://www.ytrank.com/channel/theellenshow-UCp0hYYBW6IMayGgR-WeoCvQ
